<?xml version="1.0" encoding="UTF-8" ?>
<!DOCTYPE mapper PUBLIC "-//mybatis.org//DTD Mapper 3.0//EN" "http://mybatis.org/dtd/mybatis-3-mapper.dtd" >
<mapper namespace="com.ytc.app8.dao.PurchaseDao" >
  <resultMap id="BaseResultMap" type="com.ytc.app8.model.Purchase" >
    <!--
      WARNING - @mbggenerated
      This element is automatically generated by MyBatis Generator, do not modify.
      This element was generated on Wed Feb 02 14:15:26 CST 2022.
    -->
    <id column="p.id" property="id" jdbcType="BIGINT" />
    <result column="grade_case" property="gradeCase" jdbcType="VARCHAR" />
    <result column="order_date" property="orderDate" jdbcType="DATE" />
    <result column="order_id" property="orderId" jdbcType="BIGINT" />
    <result column="provider" property="provider" jdbcType="VARCHAR" />
    <result column="purchase_amount" property="purchaseAmount" jdbcType="DOUBLE" />
    <result column="purchase_date" property="purchaseDate" jdbcType="DATE" />
    <association property="status" javaType="com.ytc.app8.model.Status">
      <id column="s.id" property="id"/>
      <result column="name" property="name"/>
    </association>
  </resultMap>
  <sql id="Base_Column_List" >
    <!--
      WARNING - @mbggenerated
      This element is automatically generated by MyBatis Generator, do not modify.
      This element was generated on Wed Feb 02 14:15:26 CST 2022.
    -->
    id, grade_case, order_date, order_id, provider, purchase_amount, purchase_date, status_id
  </sql>
   <sql id="whereSql">
    <if test="card.number!=null and card.number!=''">
       and card_number like '%${card.number}%'
    </if>
    <if test="card.bank.id!=-1">
      and bankId = #{card.bank.id}
    </if>
    <if test="card.user.name!='' and card.user.name!=null">
      and user_name like '%${card.user.name}%'
    </if>
  </sql>
  <select id="get" resultMap="BaseResultMap" parameterType="java.lang.Long" >
    <!--
      WARNING - @mbggenerated
      This element is automatically generated by MyBatis Generator, do not modify.
      This element was generated on Wed Feb 02 14:15:26 CST 2022.
    -->
    select 
    <include refid="Base_Column_List"/>
    from purchase p left join status s on p.status_id = s.id where 1=1 <include refid="whereSql"></include>
    limit #{start},#{pageSize};
  </select>
  <select id="selectByPrimaryKey" resultMap="BaseResultMap" parameterType="java.lang.Long" >
    <!--
      WARNING - @mbggenerated
      This element is automatically generated by MyBatis Generator, do not modify.
      This element was generated on Wed Feb 02 14:15:26 CST 2022.
    -->
    select 
    <include refid="Base_Column_List" />
    from purchase
    where id = #{id,jdbcType=BIGINT}
  </select>
  <delete id="deleteByPrimaryKey" parameterType="java.lang.Long" >
    <!--
      WARNING - @mbggenerated
      This element is automatically generated by MyBatis Generator, do not modify.
      This element was generated on Wed Feb 02 14:15:26 CST 2022.
    -->
    delete from purchase
    where id = #{id,jdbcType=BIGINT}
  </delete>
  <insert id="insert" parameterType="com.ytc.app8.model.Purchase" >
    <!--
      WARNING - @mbggenerated
      This element is automatically generated by MyBatis Generator, do not modify.
      This element was generated on Wed Feb 02 14:15:26 CST 2022.
    -->
    insert into purchase (id, grade_case, order_date, 
      order_id, provider, purchase_amount, 
      purchase_date, status_id)
    values (#{id,jdbcType=BIGINT}, #{gradeCase,jdbcType=VARCHAR}, #{orderDate,jdbcType=DATE}, 
      #{orderId,jdbcType=BIGINT}, #{provider,jdbcType=VARCHAR}, #{purchaseAmount,jdbcType=DOUBLE}, 
      #{purchaseDate,jdbcType=DATE}, #{statusId,jdbcType=BIGINT})
  </insert>
  <insert id="insertSelective" parameterType="com.ytc.app8.model.Purchase" >
    <!--
      WARNING - @mbggenerated
      This element is automatically generated by MyBatis Generator, do not modify.
      This element was generated on Wed Feb 02 14:15:26 CST 2022.
    -->
    insert into purchase
    <trim prefix="(" suffix=")" suffixOverrides="," >
      <if test="id != null" >
        id,
      </if>
      <if test="gradeCase != null" >
        grade_case,
      </if>
      <if test="orderDate != null" >
        order_date,
      </if>
      <if test="orderId != null" >
        order_id,
      </if>
      <if test="provider != null" >
        provider,
      </if>
      <if test="purchaseAmount != null" >
        purchase_amount,
      </if>
      <if test="purchaseDate != null" >
        purchase_date,
      </if>
      <if test="statusId != null" >
        status_id,
      </if>
    </trim>
    <trim prefix="values (" suffix=")" suffixOverrides="," >
      <if test="id != null" >
        #{id,jdbcType=BIGINT},
      </if>
      <if test="gradeCase != null" >
        #{gradeCase,jdbcType=VARCHAR},
      </if>
      <if test="orderDate != null" >
        #{orderDate,jdbcType=DATE},
      </if>
      <if test="orderId != null" >
        #{orderId,jdbcType=BIGINT},
      </if>
      <if test="provider != null" >
        #{provider,jdbcType=VARCHAR},
      </if>
      <if test="purchaseAmount != null" >
        #{purchaseAmount,jdbcType=DOUBLE},
      </if>
      <if test="purchaseDate != null" >
        #{purchaseDate,jdbcType=DATE},
      </if>
      <if test="statusId != null" >
        #{statusId,jdbcType=BIGINT},
      </if>
    </trim>
  </insert>
  <update id="updateByPrimaryKeySelective" parameterType="com.ytc.app8.model.Purchase" >
    <!--
      WARNING - @mbggenerated
      This element is automatically generated by MyBatis Generator, do not modify.
      This element was generated on Wed Feb 02 14:15:26 CST 2022.
    -->
    update purchase
    <set >
      <if test="gradeCase != null" >
        grade_case = #{gradeCase,jdbcType=VARCHAR},
      </if>
      <if test="orderDate != null" >
        order_date = #{orderDate,jdbcType=DATE},
      </if>
      <if test="orderId != null" >
        order_id = #{orderId,jdbcType=BIGINT},
      </if>
      <if test="provider != null" >
        provider = #{provider,jdbcType=VARCHAR},
      </if>
      <if test="purchaseAmount != null" >
        purchase_amount = #{purchaseAmount,jdbcType=DOUBLE},
      </if>
      <if test="purchaseDate != null" >
        purchase_date = #{purchaseDate,jdbcType=DATE},
      </if>
      <if test="statusId != null" >
        status_id = #{statusId,jdbcType=BIGINT},
      </if>
    </set>
    where id = #{id,jdbcType=BIGINT}
  </update>
  <update id="updateByPrimaryKey" parameterType="com.ytc.app8.model.Purchase" >
    <!--
      WARNING - @mbggenerated
      This element is automatically generated by MyBatis Generator, do not modify.
      This element was generated on Wed Feb 02 14:15:26 CST 2022.
    -->
    update purchase
    set grade_case = #{gradeCase,jdbcType=VARCHAR},
      order_date = #{orderDate,jdbcType=DATE},
      order_id = #{orderId,jdbcType=BIGINT},
      provider = #{provider,jdbcType=VARCHAR},
      purchase_amount = #{purchaseAmount,jdbcType=DOUBLE},
      purchase_date = #{purchaseDate,jdbcType=DATE},
      status_id = #{statusId,jdbcType=BIGINT}
    where id = #{id,jdbcType=BIGINT}
  </update>
</mapper>