<?xml version="1.0" encoding="UTF-8" ?>
<!DOCTYPE generatorConfiguration
       PUBLIC "-//mybatis.org//DTD MyBatis Generator Configuration 1.0//EN" "http://mybatis.org/dtd/mybatis-generator-config_1_0.dtd">
<generatorConfiguration>

       <context id="context1">

              <jdbcConnection driverClass="com.mysql.jdbc.Driver" connectionURL="jdbc:mysql://localhost:3306/CNY" userId="root" password="root" />

              <javaModelGenerator targetPackage="com.ytc.app8.model" targetProject="/home/l/Documents/Tencent Files/1709055990/FileRecv/过年作业/app8/src/main/java">
                     <property name="enableSubPackages" value="true" />
                     <property name="trimStrings" value="true" />
              </javaModelGenerator>

              <!--生成Mapper文件 -->
              <sqlMapGenerator targetPackage="/" targetProject="/home/l/Documents/Tencent Files/1709055990/FileRecv/过年作业/app8/src/main/resources"/>

              <!--生成Dao文件 可以配置 type="XMLMAPPER"生成xml的dao实现 -->
              <javaClientGenerator targetPackage="com.ytc.app8.dao"
                     targetProject="/home/l/Documents/Tencent Files/1709055990/FileRecv/过年作业/app8/src/main/java" type="XMLMAPPER" />

              <table tableName="purchase" enableCountByExample="false" enableUpdateByExample="false"
                     enableDeleteByExample="false" enableSelectByExample="false" selectByExampleQueryId="false" />

              <table tableName="status" enableCountByExample="false" enableUpdateByExample="false"
                     enableDeleteByExample="false" enableSelectByExample="false" selectByExampleQueryId="false" />
       </context>
</generatorConfiguration>